{
  "N_states": 384,
  "first_10_laplacian_eigenvalues": [
    -1.785899393767779e-14,
    7.029126542393035,
    14.542819841918725,
    20.562007945841025,
    20.562007945841028,
    20.562007945841042,
    20.562007945841042,
    20.562007945841042,
    20.562007945841046,
    21.89164713726929
  ],
  "yukawa_values": {
    "up": {
      "u": 1.3852037144428365e-05,
      "c": 0.0054038883667317265,
      "t": 1.0
    },
    "down": {
      "d": 2.9202009480098482e-05,
      "s": 0.0005767785465473812,
      "b": 0.024016214242619113
    },
    "charged_lepton": {
      "e": 3.116846877867826e-06,
      "mu": 0.0005767785465473812,
      "tau": 0.011392143817500998
    }
  },
  "ckm_scaling": {
    "Vus": 0.22501,
    "Vcb": 0.024016214242619113,
    "Vub": 0.0054038883667317265
  }
}